,Site,ID,Fraction,ID_Fraction,Water_d2H_permil,BP0_d2H_mean,BP1_d2H_mean,BP2_d2H_mean,BP3_d2H_mean,BP4_d2H_mean,BP0_d2H_sem,BP1_d2H_sem,BP2_d2H_sem,BP3_d2H_sem,BP4_d2H_sem,BP0_eps_LW_mean,BP0_eps_LW_sem,BP1_eps_LW_mean,BP1_eps_LW_sem,BP2_eps_LW_mean,BP2_eps_LW_sem,BP3_eps_LW_mean,BP3_eps_LW_sem,BP4_eps_LW_mean,BP4_eps_LW_sem,RingDiff_BP1,RingDiff_BP2,RingDiff_BP3,RingDiff_BP4,RingDiff_all,RingDiffAll_BPs,RingDiff_BP1_sem,RingDiff_BP2_sem,RingDiff_BP3_sem,RingDiff_BP4_sem,RingDiff_all_sem
1,Beryl,B01,CL,B01_CL,-138.605303,-405.7742759,-399.801991,-375.3885172,NA,NA,7.500531498,4.743425093,4.447637448,NA,NA,-310.1585996,8.708900047,-303.2253262,5.509056058,-274.883529,5.166042012,NA,NA,NA,NA,6.933273402,22.98966626,NA,NA,17.63753531,"0,1,2",10.3050783,6.316063228,NA,NA,5.434102783
2,Beryl,B01,IPL,B01_IPL,-138.605303,-416.9529123,-411.6098397,-397.001127,NA,NA,7.500531498,5.273804874,4.447637448,NA,NA,-323.1359681,8.708845153,-316.9331523,6.124456096,-299.9737808,5.165855443,NA,NA,NA,NA,6.202815844,14.27023256,NA,NA,11.58109366,"0,1,2",10.64673407,6.456103145,NA,NA,5.578510531
3,Beryl,B02,CL,B02_CL,-138.605303,-423.6278715,-411.4280929,-385.5107834,NA,NA,11.12263691,6.614516351,5.540091261,NA,NA,-330.8849817,12.91329279,-316.722161,7.680483606,-286.6345489,6.433668671,NA,NA,NA,NA,14.16282063,26.10641425,NA,NA,22.12521638,"0,1,2",15.02474489,8.782470385,NA,NA,7.704761179
4,Beryl,B02,IPL,B02_IPL,-138.605303,-406.6262008,-406.5028582,-383.38546,NA,NA,9.286442154,5.755515101,4.962949829,NA,NA,-311.147606,10.78189138,-311.0044166,6.683538319,-284.167244,5.763924929,NA,NA,NA,NA,0.143189466,20.16367678,NA,NA,13.49018101,"0,1,2",12.68538002,7.539305792,NA,NA,6.568302617
5,Beryl,B04,CL,B04_CL,-138.605303,-426.1221414,-414.876437,-386.6085728,-425.6902016,-416.2291648,8.215867935,5.755515101,4.962949829,16.58711145,16.06209504,-333.7805996,9.539121101,-320.7253712,6.683484677,-287.9089814,5.763899943,-333.2791572,19.25673269,-322.2957638,18.64727862,13.05522835,27.87609944,-17.15997375,-0.965563278,1.346525285,"0,1,2,3,4",11.64748036,7.108250205,11.93199063,10.98462589,5.95794963
6,Beryl,B05,CL,B05_CL,-138.605303,-423.253718,-412.7892411,-390.8359303,NA,NA,11.12263691,8.696519072,6.991268248,NA,NA,-330.4506238,12.913294,-318.3023289,10.09709924,-292.8165546,8.117879982,NA,NA,NA,NA,12.14829493,22.15140444,NA,NA,18.8170346,"0,1,2",16.3922108,10.00630459,NA,NA,8.623025383
7,Beryl,B13,IPL,B13_IPL,-138.605303,-408.9318249,-412.854974,-395.8638442,NA,NA,9.286442154,6.614516351,4.962949829,NA,NA,-313.8242235,10.78188218,-318.3786386,7.680475671,-298.6535001,5.763828924,NA,NA,NA,NA,-4.554415132,13.65525014,NA,NA,7.585361717,"0,1,2",13.23777511,7.773064671,NA,NA,6.806213071
8,Beryl,B14,IPL,B14_IPL,-138.605303,-409.4280273,-411.145979,-389.251455,NA,NA,9.286442154,6.614516351,4.962949829,NA,NA,-314.4002688,10.7818802,-316.3946528,7.680485177,-290.9771245,5.763879553,NA,NA,NA,NA,-1.994383949,18.56455022,NA,NA,11.71157216,"0,1,2",13.23777901,7.773085105,NA,NA,6.806224287
9,Beryl,B15,IPL,B15_IPL,-138.605303,-413.461617,-414.3903305,-393.0418621,NA,NA,9.286442154,5.755515101,4.962949829,NA,NA,-319.0828953,10.7818642,-320.1610463,6.683487771,-295.3774384,5.763850464,NA,NA,NA,NA,-1.078150992,18.3181682,NA,NA,11.85272847,"0,1,2",12.68533029,7.539256409,NA,NA,6.568266754
10,Beryl,B16,IPL,B16_IPL,-138.605303,-406.2923862,-409.1082179,-387.6653216,NA,NA,9.286442154,6.614516351,5.540091261,NA,NA,-310.7600779,10.78189271,-314.0289995,7.680496547,-289.1357696,6.433653747,NA,NA,NA,NA,-3.268921565,17.85269205,NA,NA,10.81215418,"0,1,2",13.2377958,8.031547776,NA,NA,6.938317731
11,ETAT-3,E01,CL,E01_CL,-68.45286242,-309.7688874,-294.3609414,-291.0307217,NA,NA,9.286442154,8.696519072,4.962949829,NA,NA,-259.0486463,9.970106817,-242.5084785,9.336981688,-238.9335443,5.330147306,NA,NA,NA,NA,16.54016781,6.81624262,NA,NA,10.05755101,"0,1,2",13.65951159,7.800692238,NA,NA,6.91203021
13,ETAT-3,E02,CL,E02_CL,-68.45286242,-318.3456494,-304.6387671,-297.6751212,NA,NA,9.286442154,5.336877881,4.962949829,NA,NA,-268.2556544,9.970075473,-253.5415495,5.731288702,-246.0661942,5.330100581,NA,NA,NA,NA,14.71410491,9.285042726,NA,NA,11.09473012,"0,1,2",11.50000327,6.875136718,NA,NA,5.975134538
12,ETAT-3,E01,IPL,E01_IPL,-68.45286242,-320.8394766,-309.2843977,-302.2482163,NA,NA,9.286442154,6.614516351,5.540091261,NA,NA,-270.9327354,9.970066433,-258.5285549,7.102355016,-250.9753339,5.949367501,NA,NA,NA,NA,12.40418051,8.765960867,NA,NA,9.978700749,"0,1,2",12.24114666,7.426904112,NA,NA,6.415963513
14,ETAT-3,E02,IPL,E02_IPL,-68.45286242,-306.9846305,-302.5927028,-300.1841028,NA,NA,15.36678833,8.696519072,6.991268248,NA,NA,-256.059794,16.496759,-251.3451343,9.336948835,-248.7595432,7.506740408,NA,NA,NA,NA,4.714659678,3.117858255,NA,NA,3.650125396,"0,1,2",18.955782,10.86305636,NA,NA,9.611021713
15,ETAT-3,E04,CL,E04_CL,-68.45286242,-323.3543467,-307.8215144,-301.0333553,NA,NA,9.286442154,5.336877881,4.962949829,NA,NA,-273.6324057,9.97005735,-256.9581745,5.731268238,-249.6712013,5.330077133,NA,NA,NA,NA,16.67423113,9.63378771,NA,NA,11.98060219,"0,1,2",11.49997736,6.875116793,NA,NA,5.975118807
16,ETAT-3,E05,CL,E05_CL,-68.45286242,-313.8457935,-300.7254664,-297.7623444,NA,NA,9.286442154,8.696519072,4.962949829,NA,NA,-263.4251357,9.970091869,-249.3406878,9.336956254,-246.1598267,5.330099971,NA,NA,NA,NA,14.08444787,5.906757791,NA,NA,8.632654485,"0,1,2",13.6594833,7.800663679,NA,NA,6.912009672
17,ETAT-3,E13,IPL,E13_IPL,-68.45286242,-319.7057556,-308.2882505,-302.1716135,NA,NA,8.215867935,5.755515101,4.647580114,NA,NA,-269.7157052,8.820987965,-257.4592078,6.180503928,-250.8931021,4.991689795,NA,NA,NA,NA,12.25649743,7.988703616,NA,NA,9.411301554,"0,1,2",10.77072224,6.438990439,NA,NA,5.596138043
18,ETAT-3,E14,IPL,E14_IPL,-68.45286242,-310.8760483,-305.6629677,-300.5490539,NA,NA,15.36678833,8.696519072,6.991268248,NA,NA,-260.2371647,16.49675034,-254.6410114,9.336936681,-249.151312,7.506738601,NA,NA,NA,NA,5.596153296,5.5163129,NA,NA,5.542926365,"0,1,2",18.95576847,10.86304984,NA,NA,9.611015473
19,ETAT-3,E16,IPL,E16_IPL,-68.45286242,-320.7654678,-300.5564923,-306.9864933,NA,NA,15.36678833,6.614516351,5.540091261,NA,NA,-270.8532882,16.49672856,-249.1592969,7.102400387,-256.0617937,5.949338083,NA,NA,NA,NA,21.69399129,0.246625278,NA,NA,7.395747283,"0,1,2",17.96068329,9.916846671,NA,NA,8.919152525
20,Beryl,B04,IPL,B04_IPL,-138.605303,-401.4380581,-400.0548196,-373.9488592,NA,NA,4.318134111,3.873897812,3.85361237,NA,NA,-305.1246497,5.015552032,-303.518837,4.500145402,-273.2122185,4.476870869,NA,NA,NA,NA,1.60581268,23.13141701,NA,NA,15.95621557,"0,1,2",6.738476892,4.623089237,NA,NA,3.813701719
21,Beryl,B05,IPL,B05_IPL,-138.605303,-405.2757972,-402.8366948,-373.8690299,NA,NA,4.318134111,3.873897812,3.85361237,NA,NA,-309.5799116,5.015518864,-306.7483381,4.50011852,-273.1195441,4.47687168,NA,NA,NA,NA,2.83157349,25.92948887,NA,NA,18.23018374,"0,1,2",6.738434252,4.623074092,NA,NA,3.813685188
22,Beryl,B10,IPL,B10_IPL,-138.605303,-399.0096082,-395.4459074,-363.1359437,NA,NA,4.318134111,3.873897812,3.85361237,NA,NA,-302.3054427,5.015573131,-298.1683139,4.500190214,-260.6594184,4.476981673,NA,NA,NA,NA,4.137128789,29.16595386,NA,NA,20.82301217,"0,1,2",6.738522523,4.623159515,NA,NA,3.813748541
23,Beryl,B11,IPL,B11_IPL,-138.605303,-395.7715146,-389.4638837,-356.2692613,NA,NA,4.318134111,3.873897812,3.85361237,NA,NA,-298.5463139,5.015601396,-291.2237347,4.500248888,-252.6878318,4.477053023,NA,NA,NA,NA,7.322579217,30.73257198,NA,NA,22.92924106,"0,1,2",6.738582746,4.623216006,NA,NA,3.8137908
24,ETAT-3,E04,IPL,E04_IPL,-68.45286242,-319.3338407,-311.3087934,-305.3749668,NA,NA,4.724982886,4.071059053,4.002723712,NA,NA,-269.3164609,5.074614103,-260.7017092,4.373094086,-254.3318473,4.299837121,NA,NA,NA,NA,8.614751691,6.931084328,NA,NA,7.492306783,"0,1,2",6.698929778,4.523628486,NA,NA,3.752458733
25,ETAT-3,E05,IPL,E05_IPL,-68.45286242,-308.2709611,-301.8357173,-297.3648094,NA,NA,4.318134111,3.771454027,3.77684973,NA,NA,-257.4406479,4.638184196,-250.5325233,4.051788041,-245.7330797,4.057616667,NA,NA,NA,NA,6.908124662,5.326613841,NA,NA,5.853784115,"0,1,2",6.158712444,4.208866979,NA,NA,3.476715947
26,ETAT-3,E11,IPL,E11_IPL,-68.45286242,-321.5963846,-309.70827,-302.7964637,NA,NA,5.776071891,4.612248312,4.419977781,NA,NA,-271.7452633,6.202485899,-258.9835745,4.95372546,-251.5638681,4.747491065,NA,NA,NA,NA,12.7616888,8.755202028,NA,NA,10.09069762,"0,1,2",7.937898164,5.198258605,NA,NA,4.360145224